CustomerID,TotalSpending,PurchaseFrequency,LastPurchase,Recency,Cluster
C001,-0.9252461012776824,0.040220400432636,2024-05-15,1.9097677269751343,3
C002,-0.3697443319333331,-0.4216044327703369,2024-11-05,-0.0791959461419942,2
C003,0.2409961058958009,0.2711328170341224,2024-12-12,-0.5021364973220732,4
C004,1.1798695936217287,0.9638700668385818,2024-12-27,-0.6735988829356188,4
C005,-0.959328154223748,0.040220400432636,2024-11-13,-0.1706425518025518,2
C006,-0.4179848765666093,0.040220400432636,2024-12-22,-0.6164447543977702,2
C007,-0.5089064053081608,-0.1906920161688504,2024-12-06,-0.433551543076655,2
C008,0.1505396765756018,-0.1906920161688504,2024-12-28,-0.6850297086431885,2
C009,3.7653680931843008,2.118432149846014,2024-12-29,-0.6964605343507582,0
C010,0.8128412525811548,0.9638700668385818,2024-12-24,-0.6393064058129097,4
C011,-1.054673535600952,-1.3452540991762827,2024-12-12,-0.5021364973220732,1
C012,-0.4397796517764863,-0.8834292659733097,2024-11-04,-0.0677651204344245,1
C014,0.1002981228039498,0.7329576502370954,2024-12-29,-0.6964605343507582,4
C015,0.459787526712373,-0.6525168493718233,2024-12-18,-0.5707214515674914,2
C016,0.1113631625258874,0.040220400432636,2024-04-22,2.1726767182492375,5
C017,-0.1463235494344649,0.2711328170341224,2024-12-30,-0.7078913600583279,2
C018,-0.1013387007506543,0.5020452336356089,2024-12-28,-0.6850297086431885,4
C019,-1.245429195949037,-1.3452540991762827,2024-09-25,0.3894679078683636,1
C021,0.5589834986477485,0.5020452336356089,2024-12-08,-0.4564131944917944,4
C022,-0.8953391268581737,-1.3452540991762827,2024-08-31,0.6752385505576062,1
C023,-0.7063789666018206,-0.6525168493718233,2024-11-15,-0.1935042032176912,1
C024,0.6495156418272378,0.040220400432636,2024-11-20,-0.2506583317555397,4
C025,-0.0240889317437353,0.5020452336356089,2024-05-11,1.9554910298054131,5
C026,-0.2001885521864189,-0.8834292659733097,2024-12-28,-0.6850297086431885,2
C027,0.0053529432544211,0.5020452336356089,2024-05-03,2.0469376354659707,5
C028,-1.3400715200614062,-1.5761665157777691,2024-05-09,1.9783526812205523,3
C029,-0.4526510078557685,0.5020452336356089,2024-11-12,-0.1592117260949821,2
C030,-1.1191384786534913,-0.8834292659733097,2024-07-26,1.0867482760301157,3
C031,0.4650117830033757,0.2711328170341224,2024-12-05,-0.4221207173690853,4
C032,0.4897161336631074,0.5020452336356089,2024-10-29,0.0008198338109937,4
C033,-0.1211973644158324,-0.4216044327703369,2024-11-05,-0.0791959461419942,2
C034,-1.2668994831905287,-1.5761665157777691,2024-12-03,-0.3992590659539459,1
C035,-1.3029500964781315,-1.5761665157777691,2024-04-01,2.4127240581082012,3
C036,-1.3433163997452588,-1.5761665157777691,2024-07-09,1.2810723130588006,3
C037,0.6145791038977575,1.1947824834400682,2024-11-22,-0.2735199831706791,4
C038,-0.6351971226037062,-0.6525168493718233,2024-12-30,-0.7078913600583279,2
C039,-0.5688393330689193,-0.1906920161688504,2024-05-29,1.7497361670691585,5
C040,-1.3182983773827546,-1.3452540991762827,2024-02-19,2.8928187378261287,3
C041,0.2727310292038801,0.5020452336356089,2024-11-27,-0.3306741117085277,4
C042,0.6215123301555894,0.7329576502370954,2024-12-16,-0.547859800152352,4
C043,0.8703621531102493,0.040220400432636,2024-12-14,-0.5249981487372126,4
C044,-1.294556674362566,-1.5761665157777691,2024-08-08,0.9381475418317096,1
C045,-0.72026705164871,-1.3452540991762827,2024-06-05,1.6697203871161703,3
C046,-0.8272615510909449,-0.8834292659733097,2024-12-23,-0.62787558010534,1
C047,0.6668541156046237,1.656607316643041,2024-12-12,-0.5021364973220732,4
C048,-0.7423646822957466,-0.4216044327703369,2024-12-25,-0.6507372315204794,2
C049,-1.1928945938674622,-1.5761665157777691,2024-05-30,1.7383053413615888,3
C050,-0.5933814397444582,-0.4216044327703369,2024-05-10,1.9669218555129828,3
C051,-0.4386655764183635,0.040220400432636,2024-10-15,0.1608513937169695,2
C052,-0.92082224864203,-0.6525168493718233,2024-12-13,-0.5135673230296429,1
C053,0.8734339725442967,1.1947824834400682,2024-12-25,-0.6507372315204794,4
C054,0.5698322130574295,0.7329576502370954,2024-12-22,-0.6164447543977702,4
C055,-1.2376955660358546,-1.5761665157777691,2024-08-19,0.8124084590484427,1
C056,-0.3576733795094013,-0.1906920161688504,2024-12-11,-0.4907056716145035,2
C057,0.3685739587992747,0.2711328170341224,2024-12-30,-0.7078913600583279,4
C058,-0.1308454733424877,0.2711328170341224,2024-11-21,-0.2620891574631094,2
C059,0.0880649263958254,-0.8834292659733097,2024-11-13,-0.1706425518025518,2
C060,0.9877294512752002,1.4256949000415546,2024-12-17,-0.5592906258599217,4
C061,0.0157257419771367,0.2711328170341224,2024-12-22,-0.6164447543977702,2
C062,0.0628846600491285,1.1947824834400682,2024-12-11,-0.4907056716145035,4
C064,-0.392371959595399,0.040220400432636,2024-11-19,-0.23922750604797,2
C065,-0.5864265809554008,-0.8834292659733097,2024-05-17,1.886906075559995,3
C066,1.1066975567508517,1.1947824834400682,2024-12-02,-0.3878282402463762,4
C067,0.8314560457008562,0.7329576502370954,2024-12-07,-0.4449823687842247,4
C068,1.4673334848142356,0.040220400432636,2024-10-15,0.1608513937169695,4
C069,-0.6186915012785089,-0.4216044327703369,2024-11-16,-0.2049350289252609,2
C070,-0.1775933733211917,1.1947824834400682,2024-12-22,-0.6164447543977702,4
C071,0.8290223859379667,0.2711328170341224,2024-12-16,-0.547859800152352,4
C072,-0.4622883005168109,0.040220400432636,2024-11-16,-0.2049350289252609,2
C073,0.4802843500487088,1.656607316643041,2024-12-30,-0.7078913600583279,4
C074,-1.3059570183185016,-1.5761665157777691,2024-03-24,2.504170663768759,3
C075,-1.0943043328064057,-1.3452540991762827,2024-08-24,0.7552543305105942,1
C076,1.9004275762180496,2.349344566447501,2024-11-30,-0.3649665888312368,0
C077,-1.194214178272229,-1.3452540991762827,2024-12-16,-0.547859800152352,1
C078,-0.8644370560022836,-0.8834292659733097,2024-12-28,-0.6850297086431885,1
C079,0.7251105221953918,1.4256949000415546,2024-12-21,-0.6050139286902005,4
C080,0.5250312408890371,1.4256949000415546,2024-12-09,-0.4678440201993641,4
C081,1.2039790496727538,1.656607316643041,2024-12-10,-0.4792748459069338,0
C082,-0.3391234839833769,-0.1906920161688504,2024-12-17,-0.5592906258599217,2
C083,0.7856058957680181,0.5020452336356089,2024-12-22,-0.6164447543977702,4
C084,-0.8306254096965389,-0.4216044327703369,2024-11-16,-0.2049350289252609,2
C085,-0.4758086325328637,-0.6525168493718233,2024-12-16,-0.547859800152352,2
C086,-1.3241283445480767,-1.5761665157777691,2024-01-23,3.2014510319305107,3
C087,-0.8682660140292298,-0.4216044327703369,2024-12-30,-0.7078913600583279,2
C088,-0.0664778766804639,0.040220400432636,2024-11-06,-0.0906267718495639,2
C089,-0.0320497032347873,0.2711328170341224,2024-12-12,-0.5021364973220732,2
C091,-0.9019370488820072,-1.1143416825747965,2024-08-14,0.8695625875862912,1
C092,-1.0984145137392858,-1.1143416825747965,2024-12-22,-0.6164447543977702,1
C093,1.315538013203608,1.1947824834400682,2024-05-22,1.8297519470221464,5
C094,-1.0329869230472035,-0.8834292659733097,2024-11-27,-0.3306741117085277,1
C095,1.0163601063523933,1.8875197332445277,2024-12-04,-0.4106898916615156,0
C096,3.1887854221605214,2.580256983048987,2024-12-19,-0.5821522772750611,0
C097,2.034354577036262,0.7329576502370954,2024-05-23,1.818321121314577,5
C098,-1.132323506435546,-1.5761665157777691,2024-09-14,0.5152069906516303,1
C099,-0.2522580548466414,0.5020452336356089,2024-05-12,1.9440602040978432,5
C100,1.099818411821084,2.118432149846014,2024-12-29,-0.6964605343507582,0
C101,2.346479553826049,0.9638700668385818,2024-05-18,1.8754752498524252,5
C102,-0.5912830842155669,0.5020452336356089,2024-05-07,2.001214332635692,5
C103,-1.278159215693497,-1.3452540991762827,2024-11-18,-0.2277966803404003,1
C104,-0.1442576427024119,0.9638700668385818,2024-12-11,-0.4907056716145035,4
C105,0.0187759288799583,0.2711328170341224,2024-12-30,-0.7078913600583279,2
C106,-1.116694002624989,-0.6525168493718233,2024-12-29,-0.6964605343507582,1
C107,-0.2717814142778215,0.7329576502370954,2024-12-06,-0.433551543076655,4
C108,0.0870373811626053,0.2711328170341224,2024-10-23,0.0694047880564119,2
C109,0.1228500366067259,0.2711328170341224,2024-12-29,-0.6964605343507582,2
C110,0.321274429274316,0.7329576502370954,2024-12-24,-0.6393064058129097,4
C111,-0.785175461591376,-1.1143416825747965,2024-11-10,-0.1363500746798427,1
C112,-0.2946794485802083,-0.1906920161688504,2024-05-17,1.886906075559995,5
C113,1.289795301045044,0.7329576502370954,2024-05-29,1.7497361670691585,5
C114,-1.2427792108738906,-1.3452540991762827,2024-12-26,-0.6621680572280491,1
C115,1.8243567801629303,0.5020452336356089,2024-12-14,-0.5249981487372126,0
C116,1.04073996904374,1.4256949000415546,2024-12-02,-0.3878282402463762,4
C117,0.122763506481823,0.7329576502370954,2024-11-29,-0.3535357631236671,4
C118,-1.0520235505258055,-1.1143416825747965,2024-10-05,0.2751596507926666,1
C119,0.2589402905475063,1.8875197332445277,2024-12-08,-0.4564131944917944,4
C120,0.1234881962778835,1.1947824834400682,2024-12-24,-0.6393064058129097,4
C121,-0.9387880658249608,-0.6525168493718233,2024-12-09,-0.4678440201993641,1
C122,-0.2682661279536476,0.5020452336356089,2024-12-28,-0.6850297086431885,2
C123,-0.963643844203272,-0.8834292659733097,2024-10-10,0.218005522254818,1
C124,-0.9266522158073518,-1.1143416825747965,2024-10-23,0.0694047880564119,1
C125,-0.2209449658974631,-0.1906920161688504,2024-12-13,-0.5135673230296429,2
C126,0.1207733136090601,-0.1906920161688504,2024-11-03,-0.0563342947268548,2
C127,-1.250015292568882,-1.5761665157777691,2024-04-01,2.4127240581082012,3
C128,0.1132127439456835,0.5020452336356089,2024-11-22,-0.2735199831706791,4
C129,-0.3051279611622138,-0.1906920161688504,2024-12-29,-0.6964605343507582,2
C130,0.1045597314554097,0.5020452336356089,2024-12-24,-0.6393064058129097,4
C131,0.9682709894376968,1.1947824834400682,2024-12-29,-0.6964605343507582,4
C132,0.0077649704860849,0.7329576502370954,2024-12-26,-0.6621680572280491,4
C133,0.6379314213558837,0.7329576502370954,2024-12-28,-0.6850297086431885,4
C134,1.0552445812305613,1.656607316643041,2024-12-01,-0.3763974145388065,4
C135,-1.0755381119681244,-1.3452540991762827,2024-11-23,-0.2849508088782488,1
C136,-1.0930171971984777,-1.5761665157777691,2024-08-30,0.6866693762651759,1
C137,0.9827756016245186,0.7329576502370954,2024-12-12,-0.5021364973220732,4
C138,-0.3662182293435466,-0.1906920161688504,2024-12-21,-0.6050139286902005,2
C139,0.0607971207858502,0.5020452336356089,2024-12-24,-0.6393064058129097,4
C140,-0.6189510916532173,-0.8834292659733097,2024-12-20,-0.5935831029826308,1
C141,0.4103896416585226,1.4256949000415546,2024-12-23,-0.62787558010534,4
C142,-0.3057228557709203,0.7329576502370954,2024-12-29,-0.6964605343507582,4
C143,-0.3124397567164951,-1.1143416825747965,2024-08-08,0.9381475418317096,1
C144,-0.2169645801519371,-0.1906920161688504,2024-12-09,-0.4678440201993641,2
C145,-1.211357959268584,-1.5761665157777691,2024-05-09,1.9783526812205523,3
C146,-0.8543562964511145,-0.6525168493718233,2024-12-17,-0.5592906258599217,1
C147,0.1171390483631453,0.2711328170341224,2024-04-07,2.344139103862783,5
C148,0.2547327632241106,0.040220400432636,2024-11-24,-0.2963816345858185,2
C149,1.378477862804737,2.349344566447501,2024-12-30,-0.7078913600583279,0
C150,0.3915260744297258,0.040220400432636,2024-12-01,-0.3763974145388065,2
C151,-0.6578463827969977,0.040220400432636,2024-12-17,-0.5592906258599217,2
C152,0.5503521186887007,0.5020452336356089,2024-12-26,-0.6621680572280491,4
C153,-1.0114625544776474,-1.3452540991762827,2024-10-15,0.1608513937169695,1
C154,0.4229148772381938,0.040220400432636,2024-12-26,-0.6621680572280491,2
C155,-0.7493519898816426,-0.6525168493718233,2024-12-11,-0.4907056716145035,1
C156,-0.012796750443928,1.1947824834400682,2024-12-15,-0.5364289744447823,4
C157,-0.0307193025644077,0.5020452336356089,2024-12-16,-0.547859800152352,4
C158,0.2717900140955627,0.7329576502370954,2024-12-24,-0.6393064058129097,4
C159,1.297453217098936,0.9638700668385818,2024-12-11,-0.4907056716145035,0
C160,-0.0660668585871758,-0.1906920161688504,2024-11-21,-0.2620891574631094,2
C161,0.6334967524546185,1.1947824834400682,2024-05-26,1.7840286441918676,5
C162,-0.2697263238113813,0.040220400432636,2024-12-07,-0.4449823687842247,2
C163,-0.5310905660801002,-0.4216044327703369,2024-05-20,1.8526135984372856,3
C164,-0.07125866608134,0.5020452336356089,2024-12-12,-0.5021364973220732,4
C165,2.8728206710781756,2.580256983048987,2024-12-23,-0.62787558010534,0
C166,-0.6682840791133904,-1.1143416825747965,2024-11-27,-0.3306741117085277,1
C167,0.2803348639297081,0.9638700668385818,2024-11-24,-0.2963816345858185,4
C168,0.0013725575088951,0.040220400432636,2024-12-28,-0.6850297086431885,2
C169,0.3081110340234869,0.2711328170341224,2024-10-07,0.2522979993775271,2
C170,-0.2848258306069091,-0.1906920161688504,2024-05-11,1.9554910298054131,5
C171,0.1504855952475377,0.9638700668385818,2024-12-19,-0.5821522772750611,4
C172,-0.9226501975306004,-0.6525168493718233,2024-05-16,1.8983369012675648,3
C173,0.1916306696387893,0.2711328170341224,2024-12-09,-0.4678440201993641,2
C174,0.2293469878307699,0.040220400432636,2024-12-23,-0.62787558010534,2
C175,0.4795488439870357,0.9638700668385818,2024-12-30,-0.7078913600583279,4
C176,-1.2903599633047833,-1.5761665157777691,2024-08-18,0.8238392847560124,1
C177,0.5090772491100948,0.9638700668385818,2024-12-17,-0.5592906258599217,4
C178,2.243941355816305,0.9638700668385818,2024-12-17,-0.5592906258599217,0
C179,-0.3408000051533674,0.040220400432636,2024-12-12,-0.5021364973220732,2
C180,2.0326780558662714,0.2711328170341224,2024-12-16,-0.547859800152352,0
C181,0.1975687994602397,0.9638700668385818,2024-12-23,-0.62787558010534,4
C182,2.369788606221724,0.2711328170341224,2024-04-17,2.229830846787086,5
C183,-1.0024634214877628,-1.5761665157777691,2024-01-14,3.304328463298638,3
C184,0.1560884208349898,0.7329576502370954,2024-11-28,-0.3421049374160974,4
C185,0.6735061189565218,1.4256949000415546,2024-12-26,-0.6621680572280491,4
C186,0.1514266103558548,-0.6525168493718233,2024-11-10,-0.1363500746798427,2
C187,0.7088320424480644,1.4256949000415546,2024-12-10,-0.4792748459069338,4
C188,-0.288460095852824,0.2711328170341224,2024-12-23,-0.62787558010534,2
C189,-1.280993077284062,-1.3452540991762827,2024-12-20,-0.5935831029826308,1
C190,1.211680230789098,2.349344566447501,2024-12-18,-0.5707214515674914,0
C191,-1.2539632295175691,-1.5761665157777691,2024-01-10,3.350051766128917,3
C192,2.9880787974486216,0.5020452336356089,2024-12-10,-0.4792748459069338,0
C193,-1.079139928417201,-0.8834292659733097,2024-10-08,0.2408671736699574,1
C194,-0.5218967403091843,-1.3452540991762827,2024-12-03,-0.3992590659539459,1
C195,-0.150779850866956,-0.1906920161688504,2024-12-20,-0.5935831029826308,2
C196,0.9815641798758804,0.040220400432636,2024-11-01,-0.0334726433117154,4
C197,0.6790007818878457,0.9638700668385818,2024-12-19,-0.5821522772750611,4
C198,0.2473236212793138,0.9638700668385818,2024-12-22,-0.6164447543977702,4
C199,-1.0200290368430185,-1.3452540991762827,2024-12-15,-0.5364289744447823,1
C200,2.3728928744526097,0.040220400432636,2024-11-14,-0.1820733775101215,0
C201,-1.206696148789449,-1.3452540991762827,2024-12-24,-0.6393064058129097,1
C202,0.0766753987055026,0.040220400432636,2024-12-05,-0.4221207173690853,2
C203,0.0127945339960564,0.040220400432636,2024-12-29,-0.6964605343507582,2
C204,0.9830676407960652,0.2711328170341224,2024-11-12,-0.1592117260949821,4
C205,0.5730013788819921,0.7329576502370954,2024-05-22,1.8297519470221464,5
C206,-0.5881247346566169,-1.1143416825747965,2024-08-25,0.7438235048030245,1
C207,3.4320648683245683,1.4256949000415546,2024-12-07,-0.4449823687842247,0
C208,0.321339326867993,1.8875197332445277,2024-12-26,-0.6621680572280491,4
C209,-1.318211847257852,-1.5761665157777691,2024-01-16,3.281466811883498,3
C210,-1.1174727737491137,-1.3452540991762827,2024-02-19,2.8928187378261287,3
C211,0.792960956384751,0.5020452336356089,2024-12-03,-0.3992590659539459,4
C212,0.4769529402399534,0.2711328170341224,2024-12-04,-0.4106898916615156,4
C213,-0.1729964604357338,1.4256949000415546,2024-12-25,-0.6507372315204794,4
C214,0.1269385850083803,0.7329576502370954,2024-11-24,-0.2963816345858185,4
C215,-1.2687057995478734,-1.5761665157777691,2024-01-06,3.3957750689591957,3
C216,0.4663854487362066,0.9638700668385818,2024-12-16,-0.547859800152352,4
C217,0.4773639583332416,0.040220400432636,2024-12-27,-0.6735988829356188,2
C218,0.0568600001027757,0.5020452336356089,2024-12-02,-0.3878282402463762,4
C219,0.0810235374818651,-0.4216044327703369,2024-12-07,-0.4449823687842247,2
C220,-1.2487389732265666,-1.3452540991762827,2024-10-13,0.1837130451321089,1
C221,0.2424995668159861,0.7329576502370954,2024-12-04,-0.4106898916615156,4
C222,-1.0309102000495376,-1.3452540991762827,2024-04-23,2.161245892541668,3
C223,1.0205460011445635,1.8875197332445277,2024-12-29,-0.6964605343507582,0
C224,0.3991731742180052,0.2711328170341224,2024-12-12,-0.5021364973220732,4
C225,1.9582296996530788,0.9638700668385818,2024-12-12,-0.5021364973220732,0
C226,-0.9851465802416024,-1.3452540991762827,2024-05-07,2.001214332635692,3
C227,-1.1290137291580165,-1.3452540991762827,2024-12-17,-0.5592906258599217,1
C228,0.4938912121896644,0.9638700668385818,2024-12-27,-0.6735988829356188,4
C230,-1.0805460429468705,-1.1143416825747965,2024-07-22,1.1324715788603943,3
C231,-1.2956058521270115,-1.5761665157777691,2024-10-02,0.3094521279153757,1
C232,-1.3149020699803222,-1.5761665157777691,2024-12-07,-0.4449823687842247,1
C233,-0.3018506326815227,0.040220400432636,2024-12-24,-0.6393064058129097,2
C234,2.1412409138223683,1.4256949000415546,2024-12-21,-0.6050139286902005,0
C235,-0.5478557777800054,-0.1906920161688504,2024-12-05,-0.4221207173690853,2
C236,0.2360422562451193,0.2711328170341224,2024-12-18,-0.5707214515674914,4
C237,-1.208935115771307,-1.3452540991762827,2024-11-16,-0.2049350289252609,1
C238,1.159848685972358,0.7329576502370954,2024-12-18,-0.5707214515674914,4
C239,3.7403717033530217,1.4256949000415546,2024-12-04,-0.4106898916615156,0
C240,-0.1806327439584003,-0.8834292659733097,2024-12-17,-0.5592906258599217,2
C242,0.6595315037847298,0.2711328170341224,2024-11-12,-0.1592117260949821,4
C243,-0.3031594008206766,0.2711328170341224,2024-11-25,-0.3078124602933882,2
C244,0.204804881155231,-0.6525168493718233,2024-11-11,-0.1477809003874124,2
C245,-0.9935616348883936,-1.5761665157777691,2024-10-29,0.0008198338109937,1
C246,0.2720171556734324,0.9638700668385818,2024-05-23,1.818321121314577,5
C247,0.6178131673159973,0.7329576502370954,2024-12-26,-0.6621680572280491,4
C248,-0.2054560735398732,-0.1906920161688504,2024-08-30,0.6866693762651759,2
C249,-1.2576083110290972,-1.5761665157777691,2024-03-07,2.698494700797444,3
C250,3.5765918094433653,0.7329576502370954,2024-12-07,-0.4449823687842247,0
C251,-1.1726465446402217,-1.3452540991762827,2024-12-28,-0.6850297086431885,1
C252,-1.156995408298439,-1.1143416825747965,2024-12-24,-0.6393064058129097,1
C253,-0.3184103353347842,-0.6525168493718233,2024-11-14,-0.1820733775101215,2
C254,1.1448140767705073,0.9638700668385818,2024-12-05,-0.4221207173690853,4
C255,0.1301726484266201,1.1947824834400682,2024-11-16,-0.2049350289252609,4
C256,-0.3952058211859637,0.7329576502370954,2024-12-25,-0.6507372315204794,4
C257,0.3335292582136661,-0.1906920161688504,2024-12-26,-0.6621680572280491,2
C258,-0.2964857649375531,0.040220400432636,2024-12-14,-0.5249981487372126,2
C259,1.2077214775747973,1.4256949000415546,2024-12-15,-0.5364289744447823,0
C260,-0.4726935480363651,0.9638700668385818,2024-11-25,-0.3078124602933882,4
C261,-1.2355431291788992,-1.5761665157777691,2024-06-24,1.4525346986723462,3
C262,-1.3282709742777952,-1.5761665157777691,2024-01-03,3.430067546081905,3
C263,-1.3465612794291115,-1.5761665157777691,2024-05-08,1.9897835069281224,3
C264,0.4719233767299819,0.7329576502370954,2024-12-15,-0.5364289744447823,4
C265,-0.9905763455792492,-1.1143416825747965,2024-12-08,-0.4564131944917944,1
C266,-0.8325831537724634,-1.1143416825747965,2024-12-13,-0.5135673230296429,1
C267,0.4940750887050825,0.2711328170341224,2024-12-21,-0.6050139286902005,4
C268,2.289304773796565,0.5020452336356089,2024-12-15,-0.5364289744447823,0
C269,0.3492561084147386,0.2711328170341224,2024-04-25,2.1383842411265284,5
C270,1.657559148147291,0.040220400432636,2024-04-10,2.309846626740074,5
C271,-1.317043690571665,-1.5761665157777691,2024-12-12,-0.5021364973220732,1
C272,-0.2099123749723641,0.040220400432636,2024-12-23,-0.62787558010534,2
C273,-1.0564798519582967,-1.3452540991762827,2024-09-16,0.4923453392364909,1
C274,-0.8665354115311749,-0.8834292659733097,2024-11-26,-0.3192432860009579,1
C275,-0.9144298356648402,-1.1143416825747965,2024-12-14,-0.5249981487372126,1
C276,0.145391134143889,1.1947824834400682,2024-12-25,-0.6507372315204794,4
C277,-0.8945170906715977,-0.4216044327703369,2024-12-01,-0.3763974145388065,2
C278,0.2270106744583962,1.1947824834400682,2024-12-28,-0.6850297086431885,4
C279,0.4541198035312437,0.9638700668385818,2024-12-20,-0.5935831029826308,4
C280,1.4663059395810158,0.2711328170341224,2024-05-29,1.7497361670691585,5
C282,-0.9309138244588115,-1.1143416825747965,2024-12-07,-0.4449823687842247,1
C283,0.1158302802239913,0.7329576502370954,2024-12-18,-0.5707214515674914,4
C284,0.7597874697501639,0.2711328170341224,2024-12-21,-0.6050139286902005,4
C285,-1.1091226166959998,-1.1143416825747965,2024-12-18,-0.5707214515674914,1
C286,0.2946988646635625,0.9638700668385818,2024-12-30,-0.7078913600583279,4
C287,0.2573935645648698,-0.4216044327703369,2024-11-16,-0.2049350289252609,2
C288,-0.2431832079974666,0.2711328170341224,2024-05-29,1.7497361670691585,5
C289,0.7453802039538582,0.7329576502370954,2024-07-28,1.0638866246149763,5
C290,-0.8293707228854492,-1.3452540991762827,2024-04-10,2.309846626740074,3
C291,-1.1439077269069,-1.3452540991762827,2024-09-27,0.3666062564532242,1
C292,0.6324692072213984,0.7329576502370954,2024-12-26,-0.6621680572280491,4
C293,0.1199729099537098,0.040220400432636,2024-12-20,-0.5935831029826308,2
C295,0.5657220321245492,-0.1906920161688504,2024-11-07,-0.1020575975571336,2
C296,0.2312939156410817,0.040220400432636,2024-12-20,-0.5935831029826308,2
C297,-1.0887772210782434,-1.1143416825747965,2024-08-04,0.9838708446619884,1
C298,-0.863236450519258,-1.1143416825747965,2024-12-04,-0.4106898916615156,1
C299,0.0598885544743715,1.8875197332445277,2024-12-22,-0.6164447543977702,4
C300,1.619388546799571,0.9638700668385818,2024-12-26,-0.6621680572280491,0
C301,-0.3892676913645132,-0.4216044327703369,2024-12-08,-0.4564131944917944,2
C302,-1.2203246434616302,-1.3452540991762827,2024-07-30,1.041024973199837,3
C303,0.7505395626511838,1.1947824834400682,2024-12-19,-0.5821522772750611,4
C304,-1.1202850028084528,-1.1143416825747965,2024-12-15,-0.5364289744447823,1
C305,0.4327576789458801,0.040220400432636,2024-11-26,-0.3192432860009579,2
C306,-0.8696613122932864,-1.1143416825747965,2024-10-06,0.2637288250850969,1
C307,-0.8987895155886703,-1.3452540991762827,2024-08-07,0.9495783675392792,1
C308,-0.9949569331524502,-1.5761665157777691,2024-12-24,-0.6393064058129097,1
C309,-1.1906231780887655,-0.8834292659733097,2024-12-19,-0.5821522772750611,1
C310,0.7010659637380436,1.1947824834400682,2024-12-26,-0.6621680572280491,4
C311,-0.8618627847864271,-1.1143416825747965,2024-11-25,-0.3078124602933882,1
C312,-1.2670184621122698,-1.5761665157777691,2024-12-04,-0.4106898916615156,1
C313,-0.5421231570051991,-1.1143416825747965,2024-11-17,-0.2163658546328306,1
C314,0.3287809176096283,0.7329576502370954,2024-11-26,-0.3192432860009579,4
C315,-0.2141199022957595,0.040220400432636,2024-12-29,-0.6964605343507582,2
C317,-0.0709449943785676,0.7329576502370954,2024-12-13,-0.5135673230296429,4
C318,1.1040151228788668,0.5020452336356089,2024-12-11,-0.4907056716145035,4
C319,-0.6336503966210697,-0.4216044327703369,2024-11-22,-0.2735199831706791,2
C321,-0.4515693812944842,-0.6525168493718233,2024-11-28,-0.3421049374160974,2
C322,0.135721392686008,0.040220400432636,2024-05-13,1.9326293783902735,5
C323,-1.2263925684704349,-1.5761665157777691,2024-01-15,3.2928976375910683,3
C324,-0.6277230830652322,-0.4216044327703369,2024-11-12,-0.1592117260949821,2
C325,2.3188331789196246,0.2711328170341224,2024-12-28,-0.6850297086431885,0
C326,0.7903001550439918,0.9638700668385818,2024-12-19,-0.5821522772750611,4
C327,-1.1186517467009136,-1.1143416825747965,2024-12-13,-0.5135673230296429,1
C328,2.583853318965484,0.5020452336356089,2024-12-30,-0.7078913600583279,0
C329,-0.4557228272898157,-0.1906920161688504,2024-12-28,-0.6850297086431885,2
C330,0.0812506790597348,0.5020452336356089,2024-12-30,-0.7078913600583279,4
C331,-1.2428332922019547,-1.3452540991762827,2024-12-05,-0.4221207173690853,1
C332,-1.189822774433415,-1.3452540991762827,2024-10-24,0.0579739623488422,1
C333,0.9930402376911056,1.1947824834400682,2024-12-19,-0.5821522772750611,4
C334,-0.1982091755792689,0.040220400432636,2024-11-26,-0.3192432860009579,2
C335,-0.3681867896850839,0.5020452336356089,2024-11-13,-0.1706425518025518,2
C336,0.3066616544313659,1.1947824834400682,2024-12-26,-0.6621680572280491,4
C337,-0.4516126463569357,-0.6525168493718233,2024-12-12,-0.5021364973220732,2
C338,-0.8097392007981405,-1.1143416825747965,2024-11-25,-0.3078124602933882,1
C339,0.2687506434583541,0.2711328170341224,2024-10-22,0.0808356137639816,2
C340,-0.9884996225815836,-0.6525168493718233,2024-11-06,-0.0906267718495639,1
C341,-0.2476178768987318,0.5020452336356089,2024-12-27,-0.6735988829356188,2
C342,-0.2997847259494698,0.040220400432636,2024-05-16,1.8983369012675648,5
C343,1.1277027445709908,1.1947824834400682,2024-05-17,1.886906075559995,5
C344,0.4700197139821218,0.5020452336356089,2024-12-23,-0.62787558010534,4
C345,0.1231528920438855,0.2711328170341224,2024-11-15,-0.1935042032176912,2
C346,-1.2964495208448137,-1.3452540991762827,2024-01-21,3.22431268334565,3
C347,0.1317950882685462,0.5020452336356089,2024-11-29,-0.3535357631236671,4
C348,-0.4146210179610153,-0.1906920161688504,2024-12-27,-0.6735988829356188,2
C349,1.037852026125111,-0.4216044327703369,2024-12-21,-0.6050139286902005,2
C350,0.082462100808373,0.2711328170341224,2024-12-26,-0.6621680572280491,2
C351,-0.3859579140869835,-0.4216044327703369,2024-12-30,-0.7078913600583279,2
C352,2.0802263595003256,0.5020452336356089,2024-11-27,-0.3306741117085277,0
C353,0.5396656482632125,0.5020452336356089,2024-12-25,-0.6507372315204794,4
C354,-0.748302812117197,-1.3452540991762827,2024-12-21,-0.6050139286902005,1
C355,0.460382421321079,0.5020452336356089,2024-12-24,-0.6393064058129097,4
C356,0.4822312778590205,-0.1906920161688504,2024-12-25,-0.6507372315204794,2
C357,-1.358232030025368,-1.5761665157777691,2024-05-25,1.7954594698994373,3
C358,-0.0281450313485511,0.040220400432636,2024-05-24,1.806890295607007,5
C359,-1.1462224077480485,-1.3452540991762827,2024-12-17,-0.5592906258599217,1
C360,0.1243210487300724,0.5020452336356089,2024-12-25,-0.6507372315204794,4
C361,-0.6003903798615801,-0.8834292659733097,2024-11-04,-0.0677651204344245,1
C362,-0.0571867045190323,0.5020452336356089,2024-12-06,-0.433551543076655,4
C363,1.1764732862192964,1.4256949000415546,2024-12-30,-0.7078913600583279,0
C364,-1.3175953201179198,-1.5761665157777691,2024-03-29,2.4470165352309103,3
C365,-0.1899239161198317,-0.8834292659733097,2024-12-15,-0.5364289744447823,2
C366,-0.404085975254107,-0.1906920161688504,2024-05-10,1.9669218555129828,5
C367,0.9458705033535012,1.4256949000415546,2024-12-28,-0.6850297086431885,4
C368,1.508846312236324,1.656607316643041,2024-12-20,-0.5935831029826308,0
C369,0.2742453063896778,0.9638700668385818,2024-11-17,-0.2163658546328306,4
C370,-1.310878419172345,-1.5761665157777691,2024-07-09,1.2810723130588006,3
C371,0.3871346705909119,0.7329576502370954,2024-12-26,-0.6621680572280491,4
C372,0.5478319288009083,1.4256949000415546,2024-12-27,-0.6735988829356188,4
C373,-1.2824640894074084,-1.5761665157777691,2024-06-14,1.5668429557480432,3
C374,0.7720206661582883,1.1947824834400682,2024-12-28,-0.6850297086431885,4
C375,0.5816976564347174,0.040220400432636,2024-12-11,-0.4907056716145035,4
C376,-0.0008664094729631,0.040220400432636,2024-11-16,-0.2049350289252609,2
C377,-0.6328608092313323,0.040220400432636,2024-12-13,-0.5135673230296429,2
C378,-1.2073451247262197,-0.8834292659733097,2024-05-07,2.001214332635692,3
C379,0.9344268943351142,0.2711328170341224,2024-12-14,-0.5249981487372126,4
C380,0.2902317469654588,1.656607316643041,2024-12-24,-0.6393064058129097,4
C381,1.260320977250049,1.656607316643041,2024-12-22,-0.6164447543977702,0
C382,0.2962996719742632,1.1947824834400682,2024-12-10,-0.4792748459069338,4
C383,-0.0142461300360487,0.9638700668385818,2024-12-28,-0.6850297086431885,4
C384,0.6973776171640644,1.1947824834400682,2024-05-22,1.8297519470221464,5
C385,-1.144654049234186,-0.8834292659733097,2024-11-12,-0.1592117260949821,1
C386,2.0234085162360658,1.656607316643041,2024-05-29,1.7497361670691585,5
C387,-1.3120573921241447,-1.5761665157777691,2024-10-29,0.0008198338109937,1
C388,1.4567876258417145,2.580256983048987,2024-12-30,-0.7078913600583279,0
C389,0.2522342058675441,0.7329576502370954,2024-12-11,-0.4907056716145035,4
C390,0.002410919007728,1.1947824834400682,2024-12-13,-0.5135673230296429,4
C391,0.3286619386878871,0.2711328170341224,2024-12-27,-0.6735988829356188,4
C392,0.7723884191891252,1.656607316643041,2024-12-01,-0.3763974145388065,4
C393,-0.9156196248822528,-0.6525168493718233,2024-11-07,-0.1020575975571336,1
C394,-0.4024743516777935,-0.4216044327703369,2024-12-15,-0.5364289744447823,2
C395,0.5087852099385478,0.9638700668385818,2024-12-26,-0.6621680572280491,4
C396,0.7578080931430139,0.5020452336356089,2024-12-26,-0.6621680572280491,4
C397,-0.5714352368160015,-0.1906920161688504,2024-11-19,-0.23922750604797,2
C398,-0.7901833925701219,-0.8834292659733097,2024-12-10,-0.4792748459069338,1
C399,-1.158574583077914,-1.1143416825747965,2024-05-21,1.841182772729716,3
C400,1.5827105901064231,0.5020452336356089,2024-12-19,-0.5821522772750611,0
C401,0.1151488554903822,0.040220400432636,2024-12-22,-0.6164447543977702,2
C402,-0.5888169756558388,-1.1143416825747965,2024-12-07,-0.4449823687842247,1
C403,1.3019744161251046,0.9638700668385818,2024-12-10,-0.4792748459069338,0
C404,-1.2644550071620262,-1.1143416825747965,2024-12-24,-0.6393064058129097,1
C405,0.1594522794405838,0.7329576502370954,2024-12-26,-0.6621680572280491,4
C406,-1.0100672562135908,-0.1906920161688504,2024-11-30,-0.3649665888312368,2
C407,-1.2830806165473403,-1.5761665157777691,2024-05-28,1.7611669927767282,3
C408,-0.8563573055894905,-1.3452540991762827,2024-12-24,-0.6393064058129097,1
C409,3.5080707667860107,1.1947824834400682,2024-12-25,-0.6507372315204794,0
C410,0.6493425815774324,0.5020452336356089,2024-12-20,-0.5935831029826308,4
C411,0.0596938616933403,-0.4216044327703369,2024-12-30,-0.7078913600583279,2
C412,-0.9854710682099876,-0.8834292659733097,2024-11-25,-0.3078124602933882,1
C413,0.4915116337548391,1.4256949000415546,2024-12-19,-0.5821522772750611,4
C414,-1.278797375364655,-1.1143416825747965,2024-11-29,-0.3535357631236671,1
C415,0.0708021664777292,1.1947824834400682,2024-12-21,-0.6050139286902005,4
C416,-1.244942463996459,-1.5761665157777691,2024-11-13,-0.1706425518025518,1
C417,0.3914719931016616,0.040220400432636,2024-12-14,-0.5249981487372126,2
C418,-0.8714351798537925,-0.8834292659733097,2024-11-24,-0.2963816345858185,1
C419,0.899468723874408,0.5020452336356089,2024-12-17,-0.5592906258599217,4
C420,-0.6225853568991322,0.2711328170341224,2024-12-17,-0.5592906258599217,2
C421,-0.9603989645194194,-0.8834292659733097,2024-04-14,2.264123323909795,3
C422,0.2515635973995477,0.7329576502370954,2024-11-17,-0.2163658546328306,4
C423,-0.0313466459699524,0.9638700668385818,2024-05-21,1.841182772729716,5
C424,0.3282401043289861,1.1947824834400682,2024-12-30,-0.7078913600583279,4
C425,-1.1775138641660006,-1.5761665157777691,2024-03-10,2.6642022236747347,3
C426,-0.5009240012858833,-0.1906920161688504,2024-12-15,-0.5364289744447823,2
C427,0.4603391562586277,0.2711328170341224,2024-05-17,1.886906075559995,5
C428,0.2116299447569345,0.5020452336356089,2024-12-04,-0.4106898916615156,4
C429,0.6639769889516078,0.040220400432636,2024-12-08,-0.4564131944917944,4
C430,-0.3575435843220471,-1.1143416825747965,2024-07-22,1.1324715788603943,3
C431,-0.45041204087391,-0.6525168493718233,2024-12-19,-0.5821522772750611,2
C432,-0.9903924690638308,-1.3452540991762827,2024-12-24,-0.6393064058129097,1
C433,-0.8923646538146421,-1.3452540991762827,2024-04-02,2.4012932324006315,3
C434,0.9755936012575916,0.9638700668385818,2024-12-23,-0.62787558010534,4
C435,0.9601804227592914,0.9638700668385818,2024-12-06,-0.433551543076655,4
C436,1.2196518185457623,1.656607316643041,2024-12-20,-0.5935831029826308,0
C437,-0.6641955307117361,-0.6525168493718233,2024-12-21,-0.6050139286902005,2
C438,-0.3488689393005477,-0.4216044327703369,2024-10-07,0.2522979993775271,2
C440,-0.6913659899311957,-1.1143416825747965,2024-11-29,-0.3535357631236671,1
C441,0.5969810397456633,0.9638700668385818,2024-12-21,-0.6050139286902005,4
C442,3.500953664012759,1.656607316643041,2024-12-24,-0.6393064058129097,0
C443,-0.7243556000503644,-1.3452540991762827,2024-12-13,-0.5135673230296429,1
C444,-0.3250947874835206,0.5020452336356089,2024-12-18,-0.5707214515674914,2
C445,0.6314524782537912,0.7329576502370954,2024-12-11,-0.4907056716145035,4
C446,-1.0591622858302816,-0.1906920161688504,2024-12-28,-0.6850297086431885,2
C447,-0.433700910502069,-0.1906920161688504,2024-07-31,1.0295941474922672,5
C448,-0.3120287386232072,0.2711328170341224,2024-12-06,-0.433551543076655,2
C449,-0.8821757316073447,-1.1143416825747965,2024-12-01,-0.3763974145388065,1
C450,0.4029696834481128,0.040220400432636,2024-12-30,-0.7078913600583279,2
C451,-0.9097139438576408,-1.3452540991762827,2024-12-12,-0.5021364973220732,1
C452,-0.8259311504205653,-1.1143416825747965,2024-10-23,0.0694047880564119,1
C453,0.0397162191064207,0.5020452336356089,2024-04-25,2.1383842411265284,5
C454,-0.2161858090278125,0.2711328170341224,2024-11-28,-0.3421049374160974,2
C455,-0.505802137077275,0.5020452336356089,2024-12-27,-0.6735988829356188,2
C456,0.2916919428231924,0.040220400432636,2024-12-01,-0.3763974145388065,2
C457,-1.126980271222802,-1.3452540991762827,2024-07-15,1.2124873588133824,3
C458,-1.1222860119468283,-1.3452540991762827,2024-12-16,-0.547859800152352,1
C459,-0.0602909727499181,0.5020452336356089,2024-12-07,-0.4449823687842247,4
C460,0.2545272541774668,0.7329576502370954,2024-12-25,-0.6507372315204794,4
C461,0.0696448260571549,0.040220400432636,2024-11-09,-0.124919248972273,2
C462,-0.7357992090687514,-1.1143416825747965,2024-11-16,-0.2049350289252609,1
C463,-0.0258519830386287,0.2711328170341224,2024-12-19,-0.5821522772750611,2
C464,1.3942912431307126,0.7329576502370954,2024-12-14,-0.5249981487372126,0
C466,0.5152208879781892,0.7329576502370954,2024-12-17,-0.5592906258599217,4
C467,-0.0151006150194635,1.1947824834400682,2024-12-06,-0.433551543076655,4
C468,0.0596830454277274,0.7329576502370954,2024-12-29,-0.6964605343507582,4
C469,-0.6193512934808924,-0.4216044327703369,2024-12-15,-0.5364289744447823,2
C470,0.9032111517764516,0.040220400432636,2024-10-14,0.1722822194245392,4
C471,-1.349460038613353,-1.5761665157777691,2024-12-25,-0.6507372315204794,1
C472,2.9903177644304804,1.8875197332445277,2024-12-20,-0.5935831029826308,0
C473,-0.4517640740755155,0.2711328170341224,2024-12-14,-0.5249981487372126,2
C474,1.8437719769379823,0.2711328170341224,2024-10-20,0.103697265179121,0
C475,-0.5300522045812672,-0.6525168493718233,2024-12-24,-0.6393064058129097,2
C476,-0.2403168976100636,0.2711328170341224,2024-12-30,-0.7078913600583279,2
C477,0.6322096168466902,0.040220400432636,2024-11-12,-0.1592117260949821,4
C478,-0.9160306429755408,-1.1143416825747965,2024-02-24,2.83566460928828,3
C479,1.122478488279988,1.8875197332445277,2024-12-27,-0.6735988829356188,0
C480,-1.1139683036905528,-1.1143416825747965,2024-04-17,2.229830846787086,3
C481,0.1644602104193296,0.5020452336356089,2024-05-28,1.7611669927767282,5
C482,1.313320678752976,0.5020452336356089,2024-11-04,-0.0677651204344245,4
C483,-0.8741933275850673,-0.8834292659733097,2024-12-13,-0.5135673230296429,1
C484,1.5187323790064615,1.4256949000415546,2024-12-29,-0.6964605343507582,0
C485,-0.1693297463929802,-0.4216044327703369,2024-11-18,-0.2277966803404003,2
C486,0.6237188483406092,1.1947824834400682,2024-12-27,-0.6735988829356188,4
C487,2.0192442539751214,1.1947824834400682,2024-12-19,-0.5821522772750611,0
C488,-1.165085974976845,-1.3452540991762827,2024-10-05,0.2751596507926666,1
C489,-0.8524526337032543,-1.1143416825747965,2024-12-26,-0.6621680572280491,1
C490,-1.1539993027236817,-1.5761665157777691,2024-04-23,2.161245892541668,3
C491,2.9896255234312585,0.5020452336356089,2024-10-26,0.0351123109337028,0
C492,0.7644168314324603,0.040220400432636,2024-04-27,2.115522589711389,5
C493,-0.0209954797784623,-0.6525168493718233,2024-12-24,-0.6393064058129097,2
C494,-0.596215301335023,-0.4216044327703369,2024-12-19,-0.5821522772750611,2
C495,-0.5068837636385594,-1.1143416825747965,2024-12-05,-0.4221207173690853,1
C496,0.0824080194803089,0.040220400432636,2024-12-25,-0.6507372315204794,2
C497,-0.6515296836790978,0.040220400432636,2024-12-02,-0.3878282402463762,2
C498,2.3538129819115556,1.4256949000415546,2024-12-26,-0.6621680572280491,0
C499,1.0165547991334247,1.1947824834400682,2024-11-22,-0.2735199831706791,4
C500,-0.7309102570117466,-0.4216044327703369,2024-12-23,-0.62787558010534,2
